{
    "tags_info": {
        "tag_9": {
            "p.y": -15.675953255996134, 
            "p.x": -1.0415090541028245, 
            "p.z": 0.32340208341658827, 
            "o.w": -0.6799874078808392, 
            "o.z": 0.4201705359218279, 
            "o.x": 0.45722114952907533, 
            "o.y": -0.38990084161228994, 
            "id": "tag_9"
        }, 
        "tag_10": {
            "p.y": -15.695809542214745, 
            "p.x": -1.088926252127265, 
            "p.z": 0.4429465599599948, 
            "o.w": -0.7063862143542359, 
            "o.z": 0.673389991157616, 
            "o.x": 0.1384116941598336, 
            "o.y": 0.16854269162097307, 
            "id": "tag_10"
        }, 
        "tag_11": {
            "p.y": -15.65499120740381, 
            "p.x": -1.0938427439772977, 
            "p.z": 0.3397613693184698, 
            "o.w": -0.7088543894415681, 
            "o.z": 0.6734066315867426, 
            "o.x": 0.1253529439663026, 
            "o.y": 0.1683318227293921, 
            "id": "tag_11"
        }
    }
}