{
    "robot_info": [
        {
            "y": -7.442428325040928, 
            "x": 0.17020334349921867, 
            "z": -0.8569378429805291, 
            "name": "Robot1", 
            "w": 0.5154197462648519
        }
    ]
}